The Beatles,Abbey Road Remastered
The Beatles,Let It Be Remastered
The Beatles,Help! Remastered
Bob Dylan,Pat Garrett & Billy The Kid Soundtrack From The Motion Picture
Bob Dylan,Highway 61 Revisited
Bob Dylan,The Freewheelin' Bob Dylan
Elvis Presley,Blue Hawaii
Elvis Presley,From Elvis in Memphis Live
Elvis Presley,Elvis Fool
Rolling Stones,Aftermath
Rolling Stones,Tattoo You 2009 Re-Mastered
Rolling Stones,Out Of Our Heads
Chuck Berry,Berry Is On Top
Chuck Berry,St. Louis To Liverpool
Chuck Berry,New Juke Box Hits
Jimi Hendrix,Electric Ladyland
Jimi Hendrix,Are You Experienced
Jimi Hendrix,Axis: Bold As Love
James Brown,Motherlode
James Brown,Black Caesar
James Brown,The 50th Anniversary Collection
Little Richard,Here's Little Richard Deluxe Edition
Little Richard,Good Golly!
Little Richard,Get Down With It!: The OKeh Sessions
Aretha Franklin,Aretha Now
Aretha Franklin,I Never Loved a Man the Way I Love You
Aretha Franklin,Lady Soul With Bonus Selections
Ray Charles,True Genius
Ray Charles,Ray Charles aka: Hallelujah I Love Her So
Ray Charles,Modern Sounds in Country and Western Music Vols 1 & 2
Bob Marley,Uprising
Bob Marley,Exodus
Bob Marley,Kaya
The Beach Boys,Pet Sounds Original Mono & Stereo Mix Versions
The Beach Boys,The Warmth Of The Sun
The Beach Boys,Smiley Smile Remastered
Buddy Holly,Buddy Holly
Buddy Holly,That'll Be The Day
Buddy Holly,The Definitive Collection
Led Zeppelin,Led Zeppelin IV Deluxe Edition
Led Zeppelin,Led Zeppelin III Remaster
Led Zeppelin,Led Zeppelin II 1994 Remaster
Stevie Wonder,Signed Sealed And Delivered
Stevie Wonder,The Definitive Collection
Stevie Wonder,At The Close Of A Century
Sam Cooke,The Best of Sam Cooke
Sam Cooke,Ain't That Good News
Sam Cooke,Twistin' the Night Away
Muddy Waters,King Of The Electric Blues
Muddy Waters,The Chess Box
Muddy Waters,Folk Singer Expanded Edition
Marvin Gaye,United
Marvin Gaye,In The Groove
Marvin Gaye,Midnight Love
The Velvet Underground,The Velvet Underground & Nico 45th Anniversary
The Velvet Underground,The Velvet Underground 45th Anniversary
The Velvet Underground,Loaded: Re-Loaded 45th Anniversary Edition
Bo Diddley,Bo Diddley
Bo Diddley,The Chess Box
Bo Diddley,In The Spotlight
Otis Redding,The Dock of the Bay Mono
Otis Redding,Pain in My Heart
Otis Redding,Dock of the Bay Sessions
U2,The Joshua Tree Super Deluxe
U2,Achtung Baby Deluxe Edition
U2,All That You Can't Leave Behind
Bruce Springsteen,Born In The U.S.A.
Bruce Springsteen,Born To Run
Bruce Springsteen,Greatest Hits
Jerry Lee Lewis,Jerry Lee's Greatest
Jerry Lee Lewis,Great Balls Of Fire
Jerry Lee Lewis,Original Golden Hits - Volume 1 Vol. 1
Fats Domino,Fats Domino Swings
Fats Domino,A Lot Of Dominos
Fats Domino,The Complete Imperial Singles
The Ramones,Ramones 40th Anniversary Deluxe Edition; 2016 Remaster
The Ramones,Road to Ruin 40th Anniversary Deluxe Edition
The Ramones,Rocket to Russia 40th Anniversary Deluxe Edition
Nirvana,Nevermind Remastered
Nirvana,In Utero - 20th Anniversary - Deluxe Edition
Nirvana,MTV Unplugged In New York
Prince,Purple Rain
Prince,Parade - Music from the Motion Picture Under the Cherry Moon
Prince,Around The World In A Day
The Who,Who's Next Deluxe Edition
The Who,Tommy
The Who,Who Are You
The Clash,Combat Rock Remastered
The Clash,London Calling Remastered
The Clash,The Clash Remastered
Johnny Cash,American IV: The Man Comes Around
Johnny Cash,Ring Of Fire: The Best Of Johnny Cash
Johnny Cash,Highwayman
Smokey Robinson & The Miracles,The 35th Anniversary Collection
Smokey Robinson & The Miracles,Going To A Go-Go
Smokey Robinson & The Miracles,Make It Happen
The Everly Brothers,The Very Best of The Everly Brothers
The Everly Brothers,The Golden Hits of The Everly Brothers
The Everly Brothers,Best Of The Everly Brothers - Rare Solo Classics
Neil Young,Bob Dylan - 30th Anniversary Concert Celebration Deluxe Edition Remastered
Neil Young,Inherent Vice Original Motion Picture Soundtrack
Neil Young,Neil Young at Live Aid Live at John F. Kennedy Stadium 13th July 1985
Michael Jackson,Thriller 25 Super Deluxe Edition
Michael Jackson,Bad 25th Anniversary
Michael Jackson,Off the Wall
Madonna,Celebration double disc version
Madonna,Frozen
Madonna,Confessions on a Dance Floor
Roy Orbison,Oh Pretty Woman
Roy Orbison,Mystery Girl
Roy Orbison,Sings Lonely and Blue
John Lennon,Imagine
John Lennon,Double Fantasy Stripped Down
John Lennon,Rock 'N' Roll
David Bowie,"Heroes" 2017 Remaster
David Bowie,The Rise and Fall of Ziggy Stardust and the Spiders from Mars 2012 Remaster
David Bowie,Diamond Dogs 2016 Remaster
Simon and Garfunkel,Bookends
Simon and Garfunkel,Bridge Over Troubled Water
Simon and Garfunkel,Wednesday Morning 3 A.M.
The Doors,L.A. Woman
The Doors,The Doors
The Doors,Strange Days
Van Morrison,Blowin' Your Mind!
Van Morrison,Moondance
Van Morrison,Moondance Deluxe Edition
Sly and the Family Stone,Fresh
Sly and the Family Stone,Stand
Sly and the Family Stone,Dance To The Music
Public Enemy,How You Sell Soul to a Soulless People Who Sold Their Soul?
Public Enemy,He Got Game Original Motion Picture Soundtrack
Public Enemy,Attack Of The Killer B's
The Byrds,Turn! Turn! Turn!
The Byrds,Mr. Tambourine Man
The Byrds,Sweetheart Of The Rodeo
Janis Joplin,Pearl Legacy Edition
Janis Joplin,Cheap Thrills
Janis Joplin,I Got Dem Ol' Kozmic Blues Again Mama!
Patti Smith,Easter
Patti Smith,Wave
Patti Smith,Dream Of Life
Run-DMC,Raising Hell
Run-DMC,90s 100 Hits
Run-DMC,RUN-DMC Expanded Edition
Elton John,The Lockdown Sessions
Elton John,Too Low For Zero
Elton John,Honky Chateau
The Band,Music From Big Pink Remastered
The Band,Jericho
The Band,The Band
